,obs,obs_text,reward,reward_text,score,skeleton
0,"[-0.00368938  1.4124846  -0.37371176  0.06952024  0.0042819   0.08465126
  0.          0.        ]","Observation from last step: 
X coordinate: -0.003689
Y coordinate: 1.41
X velocity: -0.37
Y velocity: 0.07
Angle of the lander: 0.00
Angular velocity of lander: 0.21162815392017365
Leg 1 contact with ground flag: 0.0
Leg 2 contact with ground flag: 0.0",0,The reward from the last step was: 0.00,0,"
_
Observation from last step: 
X coordinate: -0.003689
Y coordinate: 1.41
X velocity: -0.37
Y velocity: 0.07
Angle of the lander: 0.00
Angular velocity of lander: 0.21162815392017365
Leg 1 contact with ground flag: 0.0
Leg 2 contact with ground flag: 0.0
The reward from the last step was: 0.00
score: Score: 0

Action: 
"
1,"[-0.00739508  1.4142457  -0.37472457  0.07826131  0.00839907  0.08235151
  0.          0.        ]","Observation from last step: 
X coordinate: -0.007395
Y coordinate: 1.41
X velocity: -0.37
Y velocity: 0.08
Angle of the lander: 0.01
Angular velocity of lander: 0.20587876439094543
Leg 1 contact with ground flag: 0.0
Leg 2 contact with ground flag: 0.0",-1.1579530160004083,The reward from the last step was: -1.16,-1.1579530160004083,"
_
Observation from last step: 
X coordinate: -0.007395
Y coordinate: 1.41
X velocity: -0.37
Y velocity: 0.08
Angle of the lander: 0.01
Angular velocity of lander: 0.20587876439094543
Leg 1 contact with ground flag: 0.0
Leg 2 contact with ground flag: 0.0
The reward from the last step was: -1.16
score: Score: -1.1579530160004083

Action: 
"
2,"[-0.01108503  1.416822   -0.37326404  0.11446548  0.01262781  0.08458259
  0.          0.        ]","Observation from last step: 
X coordinate: -0.011085
Y coordinate: 1.42
X velocity: -0.37
Y velocity: 0.11
Angle of the lander: 0.01
Angular velocity of lander: 0.21145647391676903
Leg 1 contact with ground flag: 0.0
Leg 2 contact with ground flag: 0.0",-1.7439974427883727,The reward from the last step was: -1.74,-2.901950458788781,"
_
Observation from last step: 
X coordinate: -0.011085
Y coordinate: 1.42
X velocity: -0.37
Y velocity: 0.11
Angle of the lander: 0.01
Angular velocity of lander: 0.21145647391676903
Leg 1 contact with ground flag: 0.0
Leg 2 contact with ground flag: 0.0
The reward from the last step was: -1.74
score: Score: -2.901950458788781

Action: 
"
3,"[-0.01476088  1.420248   -0.37199038  0.15222766  0.01698182  0.08708827
  0.          0.        ]","Observation from last step: 
X coordinate: -0.014761
Y coordinate: 1.42
X velocity: -0.37
Y velocity: 0.15
Angle of the lander: 0.02
Angular velocity of lander: 0.21772067993879318
Leg 1 contact with ground flag: 0.0
Leg 2 contact with ground flag: 0.0",-2.232560607701873,The reward from the last step was: -2.23,-5.134511066490655,"
_
Observation from last step: 
X coordinate: -0.014761
Y coordinate: 1.42
X velocity: -0.37
Y velocity: 0.15
Angle of the lander: 0.02
Angular velocity of lander: 0.21772067993879318
Leg 1 contact with ground flag: 0.0
Leg 2 contact with ground flag: 0.0
The reward from the last step was: -2.23
score: Score: -5.134511066490655

Action: 
"
4,"[-0.01834888  1.4238799  -0.36367413  0.16135535  0.02179983  0.09636881
  0.          0.        ]","Observation from last step: 
X coordinate: -0.018349
Y coordinate: 1.42
X velocity: -0.36
Y velocity: 0.16
Angle of the lander: 0.02
Angular velocity of lander: 0.24092203006148338
Leg 1 contact with ground flag: 0.0
Leg 2 contact with ground flag: 0.0",-0.7420801583828223,The reward from the last step was: -0.74,-5.876591224873477,"
_
Observation from last step: 
X coordinate: -0.018349
Y coordinate: 1.42
X velocity: -0.36
Y velocity: 0.16
Angle of the lander: 0.02
Angular velocity of lander: 0.24092203006148338
Leg 1 contact with ground flag: 0.0
Leg 2 contact with ground flag: 0.0
The reward from the last step was: -0.74
score: Score: -5.876591224873477

Action: 
"
5,"[-0.0219739   1.4277126  -0.36724564  0.17026229  0.02649633  0.09393876
  0.          0.        ]","Observation from last step: 
X coordinate: -0.021974
Y coordinate: 1.43
X velocity: -0.37
Y velocity: 0.17
Angle of the lander: 0.03
Angular velocity of lander: 0.23484690114855766
Leg 1 contact with ground flag: 0.0
Leg 2 contact with ground flag: 0.0",-1.8512206349430642,The reward from the last step was: -1.85,-7.727811859816541,"
_
Observation from last step: 
X coordinate: -0.021974
Y coordinate: 1.43
X velocity: -0.37
Y velocity: 0.17
Angle of the lander: 0.03
Angular velocity of lander: 0.23484690114855766
Leg 1 contact with ground flag: 0.0
Leg 2 contact with ground flag: 0.0
The reward from the last step was: -1.85
score: Score: -7.727811859816541

Action: 
"
6,"[-0.02551212  1.4319589  -0.35908085  0.18862669  0.0316918   0.10391887
  0.          0.        ]","Observation from last step: 
X coordinate: -0.025512
Y coordinate: 1.43
X velocity: -0.36
Y velocity: 0.19
Angle of the lander: 0.03
Angular velocity of lander: 0.2597971633076668
Leg 1 contact with ground flag: 0.0
Leg 2 contact with ground flag: 0.0",-1.3314931948283288,The reward from the last step was: -1.33,-9.05930505464487,"
_
Observation from last step: 
X coordinate: -0.025512
Y coordinate: 1.43
X velocity: -0.36
Y velocity: 0.19
Angle of the lander: 0.03
Angular velocity of lander: 0.2597971633076668
Leg 1 contact with ground flag: 0.0
Leg 2 contact with ground flag: 0.0
The reward from the last step was: -1.33
score: Score: -9.05930505464487

Action: 
"
7,"[-0.02905989  1.4370517  -0.36012548  0.22622225  0.036987    0.10591395
  0.          0.        ]","Observation from last step: 
X coordinate: -0.029060
Y coordinate: 1.44
X velocity: -0.36
Y velocity: 0.23
Angle of the lander: 0.04
Angular velocity of lander: 0.26478487998247147
Leg 1 contact with ground flag: 0.0
Leg 2 contact with ground flag: 0.0",-3.312946055463402,The reward from the last step was: -3.31,-12.372251110108273,"
_
Observation from last step: 
X coordinate: -0.029060
Y coordinate: 1.44
X velocity: -0.36
Y velocity: 0.23
Angle of the lander: 0.04
Angular velocity of lander: 0.26478487998247147
Leg 1 contact with ground flag: 0.0
Leg 2 contact with ground flag: 0.0
The reward from the last step was: -3.31
score: Score: -12.372251110108273

Action: 
"
8,"[-0.03267059  1.4422561  -0.3662054   0.2311681   0.04206606  0.10159051
  0.          0.        ]","Observation from last step: 
X coordinate: -0.032671
Y coordinate: 1.44
X velocity: -0.37
Y velocity: 0.23
Angle of the lander: 0.04
Angular velocity of lander: 0.2539762854576111
Leg 1 contact with ground flag: 0.0
Leg 2 contact with ground flag: 0.0",-2.1140030927296207,The reward from the last step was: -2.11,-14.486254202837895,"
_
Observation from last step: 
X coordinate: -0.032671
Y coordinate: 1.44
X velocity: -0.37
Y velocity: 0.23
Angle of the lander: 0.04
Angular velocity of lander: 0.2539762854576111
Leg 1 contact with ground flag: 0.0
Leg 2 contact with ground flag: 0.0
The reward from the last step was: -2.11
score: Score: -14.486254202837895

Action: 
"
9,"[-0.03630581  1.4482481  -0.36872444  0.2661604   0.04721334  0.10295504
  0.          0.        ]","Observation from last step: 
X coordinate: -0.036306
Y coordinate: 1.45
X velocity: -0.37
Y velocity: 0.27
Angle of the lander: 0.05
Angular velocity of lander: 0.25738760828971863
Leg 1 contact with ground flag: 0.0
Leg 2 contact with ground flag: 0.0",-3.591118434468245,The reward from the last step was: -3.59,-18.07737263730614,"
_
Observation from last step: 
X coordinate: -0.036306
Y coordinate: 1.45
X velocity: -0.37
Y velocity: 0.27
Angle of the lander: 0.05
Angular velocity of lander: 0.25738760828971863
Leg 1 contact with ground flag: 0.0
Leg 2 contact with ground flag: 0.0
The reward from the last step was: -3.59
score: Score: -18.07737263730614

Action: 
"
10,"[-0.03983011  1.4548185  -0.3583371   0.29181868  0.05306137  0.11697125
  0.          0.        ]","Observation from last step: 
X coordinate: -0.039830
Y coordinate: 1.45
X velocity: -0.36
Y velocity: 0.29
Angle of the lander: 0.05
Angular velocity of lander: 0.2924281358718872
Leg 1 contact with ground flag: 0.0
Leg 2 contact with ground flag: 0.0",-2.288628430197565,The reward from the last step was: -2.29,-20.366001067503706,"
_
Observation from last step: 
X coordinate: -0.039830
Y coordinate: 1.45
X velocity: -0.36
Y velocity: 0.29
Angle of the lander: 0.05
Angular velocity of lander: 0.2924281358718872
Leg 1 contact with ground flag: 0.0
Leg 2 contact with ground flag: 0.0
The reward from the last step was: -2.29
score: Score: -20.366001067503706

Action: 
"
11,"[-0.04356117  1.4619261  -0.37821537  0.315702    0.05812145  0.10121064
  0.          0.        ]","Observation from last step: 
X coordinate: -0.043561
Y coordinate: 1.46
X velocity: -0.38
Y velocity: 0.32
Angle of the lander: 0.06
Angular velocity of lander: 0.2530265972018242
Leg 1 contact with ground flag: 0.0
Leg 2 contact with ground flag: 0.0",-4.580274441364298,The reward from the last step was: -4.58,-24.946275508868005,"
_
Observation from last step: 
X coordinate: -0.043561
Y coordinate: 1.46
X velocity: -0.38
Y velocity: 0.32
Angle of the lander: 0.06
Angular velocity of lander: 0.2530265972018242
Leg 1 contact with ground flag: 0.0
Leg 2 contact with ground flag: 0.0
The reward from the last step was: -4.58
score: Score: -24.946275508868005

Action: 
"
12,"[-0.04725533  1.4697989  -0.37494472  0.34967467  0.06360636  0.10970813
  0.          0.        ]","Observation from last step: 
X coordinate: -0.047255
Y coordinate: 1.47
X velocity: -0.37
Y velocity: 0.35
Angle of the lander: 0.06
Angular velocity of lander: 0.27427032589912415
Leg 1 contact with ground flag: 0.0
Leg 2 contact with ground flag: 0.0",-3.6502339265470765,The reward from the last step was: -3.65,-28.596509435415083,"
_
Observation from last step: 
X coordinate: -0.047255
Y coordinate: 1.47
X velocity: -0.37
Y velocity: 0.35
Angle of the lander: 0.06
Angular velocity of lander: 0.27427032589912415
Leg 1 contact with ground flag: 0.0
Leg 2 contact with ground flag: 0.0
The reward from the last step was: -3.65
score: Score: -28.596509435415083

Action: 
"
13,"[-0.05112343  1.4784029  -0.39178827  0.38218248  0.06853677  0.0986173
  0.          0.        ]","Observation from last step: 
X coordinate: -0.051123
Y coordinate: 1.48
X velocity: -0.39
Y velocity: 0.38
Angle of the lander: 0.07
Angular velocity of lander: 0.246543250977993
Leg 1 contact with ground flag: 0.0
Leg 2 contact with ground flag: 0.0",-5.128593139276165,The reward from the last step was: -5.13,-33.72510257469125,"
_
Observation from last step: 
X coordinate: -0.051123
Y coordinate: 1.48
X velocity: -0.39
Y velocity: 0.38
Angle of the lander: 0.07
Angular velocity of lander: 0.246543250977993
Leg 1 contact with ground flag: 0.0
Leg 2 contact with ground flag: 0.0
The reward from the last step was: -5.13
score: Score: -33.72510257469125

Action: 
"
14,"[-0.05493183  1.4872441  -0.3862723   0.39268452  0.07392861  0.1078464
  0.          0.        ]","Observation from last step: 
X coordinate: -0.054932
Y coordinate: 1.49
X velocity: -0.39
Y velocity: 0.39
Angle of the lander: 0.07
Angular velocity of lander: 0.2696160040795803
Leg 1 contact with ground flag: 0.0
Leg 2 contact with ground flag: 0.0",-2.086577959646166,The reward from the last step was: -2.09,-35.81168053433741,"
_
Observation from last step: 
X coordinate: -0.054932
Y coordinate: 1.49
X velocity: -0.39
Y velocity: 0.39
Angle of the lander: 0.07
Angular velocity of lander: 0.2696160040795803
Leg 1 contact with ground flag: 0.0
Leg 2 contact with ground flag: 0.0
The reward from the last step was: -2.09
score: Score: -35.81168053433741

Action: 
"
15,"[-0.05872602  1.4965883  -0.38517508  0.41500542  0.07964145  0.11426686
  0.          0.        ]","Observation from last step: 
X coordinate: -0.058726
Y coordinate: 1.50
X velocity: -0.39
Y velocity: 0.42
Angle of the lander: 0.08
Angular velocity of lander: 0.28566714376211166
Leg 1 contact with ground flag: 0.0
Leg 2 contact with ground flag: 0.0",-3.357650677286375,The reward from the last step was: -3.36,-39.169331211623785,"
_
Observation from last step: 
X coordinate: -0.058726
Y coordinate: 1.50
X velocity: -0.39
Y velocity: 0.42
Angle of the lander: 0.08
Angular velocity of lander: 0.28566714376211166
Leg 1 contact with ground flag: 0.0
Leg 2 contact with ground flag: 0.0
The reward from the last step was: -3.36
score: Score: -39.169331211623785

Action: 
"
16,"[-0.0627017   1.5063199  -0.40271544  0.43222573  0.08475005  0.10218139
  0.          0.        ]","Observation from last step: 
X coordinate: -0.062702
Y coordinate: 1.51
X velocity: -0.40
Y velocity: 0.43
Angle of the lander: 0.08
Angular velocity of lander: 0.2554534748196602
Leg 1 contact with ground flag: 0.0
Leg 2 contact with ground flag: 0.0",-4.254787752668125,The reward from the last step was: -4.25,-43.42411896429191,"
_
Observation from last step: 
X coordinate: -0.062702
Y coordinate: 1.51
X velocity: -0.40
Y velocity: 0.43
Angle of the lander: 0.08
Angular velocity of lander: 0.2554534748196602
Leg 1 contact with ground flag: 0.0
Leg 2 contact with ground flag: 0.0
The reward from the last step was: -4.25
score: Score: -43.42411896429191

Action: 
"
17,"[-0.06669416  1.5161189  -0.4044958   0.43520337  0.08995698  0.10414822
  0.          0.        ]","Observation from last step: 
X coordinate: -0.066694
Y coordinate: 1.52
X velocity: -0.40
Y velocity: 0.44
Angle of the lander: 0.09
Angular velocity of lander: 0.26037055999040604
Leg 1 contact with ground flag: 0.0
Leg 2 contact with ground flag: 0.0",-2.1560382080901546,The reward from the last step was: -2.16,-45.58015717238206,"
_
Observation from last step: 
X coordinate: -0.066694
Y coordinate: 1.52
X velocity: -0.40
Y velocity: 0.44
Angle of the lander: 0.09
Angular velocity of lander: 0.26037055999040604
Leg 1 contact with ground flag: 0.0
Leg 2 contact with ground flag: 0.0
The reward from the last step was: -2.16
score: Score: -45.58015717238206

Action: 
"
18,"[-0.07075462  1.5261489  -0.41120476  0.4454571   0.09507937  0.10245694
  0.          0.        ]","Observation from last step: 
X coordinate: -0.070755
Y coordinate: 1.53
X velocity: -0.41
Y velocity: 0.45
Angle of the lander: 0.10
Angular velocity of lander: 0.25614235550165176
Leg 1 contact with ground flag: 0.0
Leg 2 contact with ground flag: 0.0",-3.0407014509210795,The reward from the last step was: -3.04,-48.620858623303135,"
_
Observation from last step: 
X coordinate: -0.070755
Y coordinate: 1.53
X velocity: -0.41
Y velocity: 0.45
Angle of the lander: 0.10
Angular velocity of lander: 0.25614235550165176
Leg 1 contact with ground flag: 0.0
Leg 2 contact with ground flag: 0.0
The reward from the last step was: -3.04
score: Score: -48.620858623303135

Action: 
"
19,"[-0.07497339  1.5365701  -0.4265872   0.46285883  0.0997582   0.09358501
  0.          0.        ]","Observation from last step: 
X coordinate: -0.074973
Y coordinate: 1.54
X velocity: -0.43
Y velocity: 0.46
Angle of the lander: 0.10
Angular velocity of lander: 0.2339625172317028
Leg 1 contact with ground flag: 0.0
Leg 2 contact with ground flag: 0.0",-4.1509324583010025,The reward from the last step was: -4.15,-52.771791081604135,"
_
Observation from last step: 
X coordinate: -0.074973
Y coordinate: 1.54
X velocity: -0.43
Y velocity: 0.46
Angle of the lander: 0.10
Angular velocity of lander: 0.2339625172317028
Leg 1 contact with ground flag: 0.0
Leg 2 contact with ground flag: 0.0
The reward from the last step was: -4.15
score: Score: -52.771791081604135

Action: 
"
20,"[-0.07940073  1.5477096  -0.4468693   0.49480772  0.10387745  0.082392
  0.          0.        ]","Observation from last step: 
X coordinate: -0.079401
Y coordinate: 1.55
X velocity: -0.45
Y velocity: 0.49
Angle of the lander: 0.10
Angular velocity of lander: 0.20597999915480614
Leg 1 contact with ground flag: 0.0
Leg 2 contact with ground flag: 0.0",-5.573858502339095,The reward from the last step was: -5.57,-58.34564958394323,"
_
Observation from last step: 
X coordinate: -0.079401
Y coordinate: 1.55
X velocity: -0.45
Y velocity: 0.49
Angle of the lander: 0.10
Angular velocity of lander: 0.20597999915480614
Leg 1 contact with ground flag: 0.0
Leg 2 contact with ground flag: 0.0
The reward from the last step was: -5.57
score: Score: -58.34564958394323

Action: 
"
21,"[-0.08383627  1.5596229  -0.44810414  0.52915573  0.10840023  0.09046369
  0.          0.        ]","Observation from last step: 
X coordinate: -0.083836
Y coordinate: 1.56
X velocity: -0.45
Y velocity: 0.53
Angle of the lander: 0.11
Angular velocity of lander: 0.2261592261493206
Leg 1 contact with ground flag: 0.0
Leg 2 contact with ground flag: 0.0",-4.632354471850607,The reward from the last step was: -4.63,-62.97800405579383,"
_
Observation from last step: 
X coordinate: -0.083836
Y coordinate: 1.56
X velocity: -0.45
Y velocity: 0.53
Angle of the lander: 0.11
Angular velocity of lander: 0.2261592261493206
Leg 1 contact with ground flag: 0.0
Leg 2 contact with ground flag: 0.0
The reward from the last step was: -4.63
score: Score: -62.97800405579383

Action: 
"
22,"[-0.0883586   1.5719812  -0.45672107  0.54892105  0.11287167  0.08943661
  0.          0.        ]","Observation from last step: 
X coordinate: -0.088359
Y coordinate: 1.57
X velocity: -0.46
Y velocity: 0.55
Angle of the lander: 0.11
Angular velocity of lander: 0.22359151393175125
Leg 1 contact with ground flag: 0.0
Leg 2 contact with ground flag: 0.0",-4.073850374292522,The reward from the last step was: -4.07,-67.05185443008635,"
_
Observation from last step: 
X coordinate: -0.088359
Y coordinate: 1.57
X velocity: -0.46
Y velocity: 0.55
Angle of the lander: 0.11
Angular velocity of lander: 0.22359151393175125
Leg 1 contact with ground flag: 0.0
Leg 2 contact with ground flag: 0.0
The reward from the last step was: -4.07
score: Score: -67.05185443008635

Action: 
"
23,"[-0.09288387  1.5845528  -0.45728287  0.5583693   0.11761304  0.09483583
  0.          0.        ]","Observation from last step: 
X coordinate: -0.092884
Y coordinate: 1.58
X velocity: -0.46
Y velocity: 0.56
Angle of the lander: 0.12
Angular velocity of lander: 0.2370895817875862
Leg 1 contact with ground flag: 0.0
Leg 2 contact with ground flag: 0.0",-2.8195789725999303,The reward from the last step was: -2.82,-69.87143340268628,"
_
Observation from last step: 
X coordinate: -0.092884
Y coordinate: 1.58
X velocity: -0.46
Y velocity: 0.56
Angle of the lander: 0.12
Angular velocity of lander: 0.2370895817875862
Leg 1 contact with ground flag: 0.0
Leg 2 contact with ground flag: 0.0
The reward from the last step was: -2.82
score: Score: -69.87143340268628

Action: 
"
24,"[-0.09745054  1.5976617  -0.46164054  0.58221716  0.12257559  0.09925946
  0.          0.        ]","Observation from last step: 
X coordinate: -0.097451
Y coordinate: 1.60
X velocity: -0.46
Y velocity: 0.58
Angle of the lander: 0.12
Angular velocity of lander: 0.24814864620566368
Leg 1 contact with ground flag: 0.0
Leg 2 contact with ground flag: 0.0",-4.262468006994271,The reward from the last step was: -4.26,-74.13390140968055,"
_
Observation from last step: 
X coordinate: -0.097451
Y coordinate: 1.60
X velocity: -0.46
Y velocity: 0.58
Angle of the lander: 0.12
Angular velocity of lander: 0.24814864620566368
Leg 1 contact with ground flag: 0.0
Leg 2 contact with ground flag: 0.0
The reward from the last step was: -4.26
score: Score: -74.13390140968055

Action: 
"
25,"[-0.10225801  1.6111743  -0.48500666  0.6002036   0.12681006  0.0846893
  0.          0.        ]","Observation from last step: 
X coordinate: -0.102258
Y coordinate: 1.61
X velocity: -0.49
Y velocity: 0.60
Angle of the lander: 0.13
Angular velocity of lander: 0.21172324195504189
Leg 1 contact with ground flag: 0.0
Leg 2 contact with ground flag: 0.0",-4.966359829028465,The reward from the last step was: -4.97,-79.10026123870901,"
_
Observation from last step: 
X coordinate: -0.102258
Y coordinate: 1.61
X velocity: -0.49
Y velocity: 0.60
Angle of the lander: 0.13
Angular velocity of lander: 0.21172324195504189
Leg 1 contact with ground flag: 0.0
Leg 2 contact with ground flag: 0.0
The reward from the last step was: -4.97
score: Score: -79.10026123870901

Action: 
"
26,"[-0.10700836  1.6247597  -0.47981706  0.6033766   0.13156885  0.09517591
  0.          0.        ]","Observation from last step: 
X coordinate: -0.107008
Y coordinate: 1.62
X velocity: -0.48
Y velocity: 0.60
Angle of the lander: 0.13
Angular velocity of lander: 0.23793978616595268
Leg 1 contact with ground flag: 0.0
Leg 2 contact with ground flag: 0.0",-2.085214950870397,The reward from the last step was: -2.09,-81.1854761895794,"
_
Observation from last step: 
X coordinate: -0.107008
Y coordinate: 1.62
X velocity: -0.48
Y velocity: 0.60
Angle of the lander: 0.13
Angular velocity of lander: 0.23793978616595268
Leg 1 contact with ground flag: 0.0
Leg 2 contact with ground flag: 0.0
The reward from the last step was: -2.09
score: Score: -81.1854761895794

Action: 
"
27,"[-0.11174984  1.6386046  -0.47931606  0.6148709   0.13671589  0.1029404
  0.          0.        ]","Observation from last step: 
X coordinate: -0.111750
Y coordinate: 1.64
X velocity: -0.48
Y velocity: 0.61
Angle of the lander: 0.14
Angular velocity of lander: 0.25735098868608475
Leg 1 contact with ground flag: 0.0
Leg 2 contact with ground flag: 0.0",-3.0999352603198984,The reward from the last step was: -3.10,-84.2854114498993,"
_
Observation from last step: 
X coordinate: -0.111750
Y coordinate: 1.64
X velocity: -0.48
Y velocity: 0.61
Angle of the lander: 0.14
Angular velocity of lander: 0.25735098868608475
Leg 1 contact with ground flag: 0.0
Leg 2 contact with ground flag: 0.0
The reward from the last step was: -3.10
score: Score: -84.2854114498993

Action: 
"
28,"[-0.11660691  1.6526898  -0.49069673  0.62553984  0.1416858   0.09939825
  0.          0.        ]","Observation from last step: 
X coordinate: -0.116607
Y coordinate: 1.65
X velocity: -0.49
Y velocity: 0.63
Angle of the lander: 0.14
Angular velocity of lander: 0.24849561974406242
Leg 1 contact with ground flag: 0.0
Leg 2 contact with ground flag: 0.0",-3.777235060483849,The reward from the last step was: -3.78,-88.06264651038315,"
_
Observation from last step: 
X coordinate: -0.116607
Y coordinate: 1.65
X velocity: -0.49
Y velocity: 0.63
Angle of the lander: 0.14
Angular velocity of lander: 0.24849561974406242
Leg 1 contact with ground flag: 0.0
Leg 2 contact with ground flag: 0.0
The reward from the last step was: -3.78
score: Score: -88.06264651038315

Action: 
"
29,"[-0.12153759  1.6670499  -0.49809137  0.63773656  0.14669958  0.10027573
  0.          0.        ]","Observation from last step: 
X coordinate: -0.121538
Y coordinate: 1.67
X velocity: -0.50
Y velocity: 0.64
Angle of the lander: 0.15
Angular velocity of lander: 0.2506893314421177
Leg 1 contact with ground flag: 0.0
Leg 2 contact with ground flag: 0.0",-3.6852056828919215,The reward from the last step was: -3.69,-91.74785219327507,"
_
Observation from last step: 
X coordinate: -0.121538
Y coordinate: 1.67
X velocity: -0.50
Y velocity: 0.64
Angle of the lander: 0.15
Angular velocity of lander: 0.2506893314421177
Leg 1 contact with ground flag: 0.0
Leg 2 contact with ground flag: 0.0
The reward from the last step was: -3.69
score: Score: -91.74785219327507

Action: 
"
30,"[-0.12644987  1.682275   -0.4970011   0.67609733  0.15245716  0.11515167
  0.          0.        ]","Observation from last step: 
X coordinate: -0.126450
Y coordinate: 1.68
X velocity: -0.50
Y velocity: 0.68
Angle of the lander: 0.15
Angular velocity of lander: 0.28787916526198387
Leg 1 contact with ground flag: 0.0
Leg 2 contact with ground flag: 0.0",-5.42222469990985,The reward from the last step was: -5.42,-97.17007689318491,"
_
Observation from last step: 
X coordinate: -0.126450
Y coordinate: 1.68
X velocity: -0.50
Y velocity: 0.68
Angle of the lander: 0.15
Angular velocity of lander: 0.28787916526198387
Leg 1 contact with ground flag: 0.0
Leg 2 contact with ground flag: 0.0
The reward from the last step was: -5.42
score: Score: -97.17007689318491

Action: 
"
31,"[-0.13147001  1.6981272  -0.5078553   0.7039289   0.15829611  0.11677887
  0.          0.        ]","Observation from last step: 
X coordinate: -0.131470
Y coordinate: 1.70
X velocity: -0.51
Y velocity: 0.70
Angle of the lander: 0.16
Angular velocity of lander: 0.2919471822679043
Leg 1 contact with ground flag: 0.0
Leg 2 contact with ground flag: 0.0",-5.391486096667495,The reward from the last step was: -5.39,-102.5615629898524,"
_
Observation from last step: 
X coordinate: -0.131470
Y coordinate: 1.70
X velocity: -0.51
Y velocity: 0.70
Angle of the lander: 0.16
Angular velocity of lander: 0.2919471822679043
Leg 1 contact with ground flag: 0.0
Leg 2 contact with ground flag: 0.0
The reward from the last step was: -5.39
score: Score: -102.5615629898524

Action: 
"
32,"[-0.13674363  1.7143703  -0.53253603  0.7213612   0.16345781  0.10323396
  0.          0.        ]","Observation from last step: 
X coordinate: -0.136744
Y coordinate: 1.71
X velocity: -0.53
Y velocity: 0.72
Angle of the lander: 0.16
Angular velocity of lander: 0.25808488950133324
Leg 1 contact with ground flag: 0.0
Leg 2 contact with ground flag: 0.0",-5.339930670772435,The reward from the last step was: -5.34,-107.90149366062484,"
_
Observation from last step: 
X coordinate: -0.136744
Y coordinate: 1.71
X velocity: -0.53
Y velocity: 0.72
Angle of the lander: 0.16
Angular velocity of lander: 0.25808488950133324
Leg 1 contact with ground flag: 0.0
Leg 2 contact with ground flag: 0.0
The reward from the last step was: -5.34
score: Score: -107.90149366062484

Action: 
"
33,"[-0.1421338   1.73069    -0.54397494  0.7247655   0.16842769  0.0993977
  0.          0.        ]","Observation from last step: 
X coordinate: -0.142134
Y coordinate: 1.73
X velocity: -0.54
Y velocity: 0.72
Angle of the lander: 0.17
Angular velocity of lander: 0.24849426001310349
Leg 1 contact with ground flag: 0.0
Leg 2 contact with ground flag: 0.0",-3.42323623202775,The reward from the last step was: -3.42,-111.32472989265258,"
_
Observation from last step: 
X coordinate: -0.142134
Y coordinate: 1.73
X velocity: -0.54
Y velocity: 0.72
Angle of the lander: 0.17
Angular velocity of lander: 0.24849426001310349
Leg 1 contact with ground flag: 0.0
Leg 2 contact with ground flag: 0.0
The reward from the last step was: -3.42
score: Score: -111.32472989265258

Action: 
"
34,"[-0.14765596  1.7469449  -0.5568465   0.7219036   0.173072    0.09288576
  0.          0.        ]","Observation from last step: 
X coordinate: -0.147656
Y coordinate: 1.75
X velocity: -0.56
Y velocity: 0.72
Angle of the lander: 0.17
Angular velocity of lander: 0.23221438750624657
Leg 1 contact with ground flag: 0.0
Leg 2 contact with ground flag: 0.0",-2.9818491408314456,The reward from the last step was: -2.98,-114.30657903348403,"
_
Observation from last step: 
X coordinate: -0.147656
Y coordinate: 1.75
X velocity: -0.56
Y velocity: 0.72
Angle of the lander: 0.17
Angular velocity of lander: 0.23221438750624657
Leg 1 contact with ground flag: 0.0
Leg 2 contact with ground flag: 0.0
The reward from the last step was: -2.98
score: Score: -114.30657903348403

Action: 
"
35,"[-0.15334654  1.7637454  -0.57354057  0.7461619   0.17755608  0.08968201
  0.          0.        ]","Observation from last step: 
X coordinate: -0.153347
Y coordinate: 1.76
X velocity: -0.57
Y velocity: 0.75
Angle of the lander: 0.18
Angular velocity of lander: 0.22420501336455345
Leg 1 contact with ground flag: 0.0
Leg 2 contact with ground flag: 0.0",-5.41147897736771,The reward from the last step was: -5.41,-119.71805801085173,"
_
Observation from last step: 
X coordinate: -0.153347
Y coordinate: 1.76
X velocity: -0.57
Y velocity: 0.75
Angle of the lander: 0.18
Angular velocity of lander: 0.22420501336455345
Leg 1 contact with ground flag: 0.0
Leg 2 contact with ground flag: 0.0
The reward from the last step was: -5.41
score: Score: -119.71805801085173

Action: 
"
36,"[-0.15933399  1.7810252  -0.602444    0.7675417   0.18127678  0.0744139
  0.          0.        ]","Observation from last step: 
X coordinate: -0.159334
Y coordinate: 1.78
X velocity: -0.60
Y velocity: 0.77
Angle of the lander: 0.18
Angular velocity of lander: 0.18603473901748657
Leg 1 contact with ground flag: 0.0
Leg 2 contact with ground flag: 0.0",-5.907502631771581,The reward from the last step was: -5.91,-125.62556064262331,"
_
Observation from last step: 
X coordinate: -0.159334
Y coordinate: 1.78
X velocity: -0.60
Y velocity: 0.77
Angle of the lander: 0.18
Angular velocity of lander: 0.18603473901748657
Leg 1 contact with ground flag: 0.0
Leg 2 contact with ground flag: 0.0
The reward from the last step was: -5.91
score: Score: -125.62556064262331

Action: 
"
37,"[-0.16563797  1.7991333  -0.63346165  0.8044259   0.18435016  0.06146803
  0.          0.        ]","Observation from last step: 
X coordinate: -0.165638
Y coordinate: 1.80
X velocity: -0.63
Y velocity: 0.80
Angle of the lander: 0.18
Angular velocity of lander: 0.1536700688302517
Leg 1 contact with ground flag: 0.0
Leg 2 contact with ground flag: 0.0",-7.284380457482132,The reward from the last step was: -7.28,-132.90994110010544,"
_
Observation from last step: 
X coordinate: -0.165638
Y coordinate: 1.80
X velocity: -0.63
Y velocity: 0.80
Angle of the lander: 0.18
Angular velocity of lander: 0.1536700688302517
Leg 1 contact with ground flag: 0.0
Leg 2 contact with ground flag: 0.0
The reward from the last step was: -7.28
score: Score: -132.90994110010544

Action: 
"
38,"[-0.17222396  1.8178595  -0.6610661   0.8319772   0.18682954  0.04958723
  0.          0.        ]","Observation from last step: 
X coordinate: -0.172224
Y coordinate: 1.82
X velocity: -0.66
Y velocity: 0.83
Angle of the lander: 0.19
Angular velocity of lander: 0.12396806851029396
Leg 1 contact with ground flag: 0.0
Leg 2 contact with ground flag: 0.0",-6.347090553810449,The reward from the last step was: -6.35,-139.2570316539159,"
_
Observation from last step: 
X coordinate: -0.172224
Y coordinate: 1.82
X velocity: -0.66
Y velocity: 0.83
Angle of the lander: 0.19
Angular velocity of lander: 0.12396806851029396
Leg 1 contact with ground flag: 0.0
Leg 2 contact with ground flag: 0.0
The reward from the last step was: -6.35
score: Score: -139.2570316539159

Action: 
"
39,"[-0.17910156  1.8370687  -0.6895269   0.85351354  0.18860295  0.0354686
  0.          0.        ]","Observation from last step: 
X coordinate: -0.179102
Y coordinate: 1.84
X velocity: -0.69
Y velocity: 0.85
Angle of the lander: 0.19
Angular velocity of lander: 0.0886715017259121
Leg 1 contact with ground flag: 0.0
Leg 2 contact with ground flag: 0.0",-5.915559340178379,The reward from the last step was: -5.92,-145.1725909940943,"
_
Observation from last step: 
X coordinate: -0.179102
Y coordinate: 1.84
X velocity: -0.69
Y velocity: 0.85
Angle of the lander: 0.19
Angular velocity of lander: 0.0886715017259121
Leg 1 contact with ground flag: 0.0
Leg 2 contact with ground flag: 0.0
The reward from the last step was: -5.92
score: Score: -145.1725909940943

Action: 
"
40,"[-0.18624964  1.8564773  -0.7158063   0.8624826   0.1896096   0.02013252
  0.          0.        ]","Observation from last step: 
X coordinate: -0.186250
Y coordinate: 1.86
X velocity: -0.72
Y velocity: 0.86
Angle of the lander: 0.19
Angular velocity of lander: 0.05033128894865513
Leg 1 contact with ground flag: 0.0
Leg 2 contact with ground flag: 0.0",-4.761366503420834,The reward from the last step was: -4.76,-149.93395749751514,"
_
Observation from last step: 
X coordinate: -0.186250
Y coordinate: 1.86
X velocity: -0.72
Y velocity: 0.86
Angle of the lander: 0.19
Angular velocity of lander: 0.05033128894865513
Leg 1 contact with ground flag: 0.0
Leg 2 contact with ground flag: 0.0
The reward from the last step was: -4.76
score: Score: -149.93395749751514

Action: 
"
41,"[-0.19357252  1.8758888  -0.7328533   0.86267376  0.19017194  0.01124671
  0.          0.        ]","Observation from last step: 
X coordinate: -0.193573
Y coordinate: 1.88
X velocity: -0.73
Y velocity: 0.86
Angle of the lander: 0.19
Angular velocity of lander: 0.028116777539253235
Leg 1 contact with ground flag: 0.0
Leg 2 contact with ground flag: 0.0",-3.472404093367902,The reward from the last step was: -3.47,-153.40636159088305,"
_
Observation from last step: 
X coordinate: -0.193573
Y coordinate: 1.88
X velocity: -0.73
Y velocity: 0.86
Angle of the lander: 0.19
Angular velocity of lander: 0.028116777539253235
Leg 1 contact with ground flag: 0.0
Leg 2 contact with ground flag: 0.0
The reward from the last step was: -3.47
score: Score: -153.40636159088305

Action: 
"
42,"[-0.20088783  1.8960581  -0.7329131   0.896233    0.1915597   0.02775532
  0.          0.        ]","Observation from last step: 
X coordinate: -0.200888
Y coordinate: 1.90
X velocity: -0.73
Y velocity: 0.90
Angle of the lander: 0.19
Angular velocity of lander: 0.06938830018043518
Leg 1 contact with ground flag: 0.0
Leg 2 contact with ground flag: 0.0",-5.102659875913036,The reward from the last step was: -5.10,-158.5090214667961,"
_
Observation from last step: 
X coordinate: -0.200888
Y coordinate: 1.90
X velocity: -0.73
Y velocity: 0.90
Angle of the lander: 0.19
Angular velocity of lander: 0.06938830018043518
Leg 1 contact with ground flag: 0.0
Leg 2 contact with ground flag: 0.0
The reward from the last step was: -5.10
score: Score: -158.5090214667961

Action: 
"
43,"[-0.20826264  1.9164898  -0.7390946   0.9078659   0.19318345  0.03247511
  0.          0.        ]","Observation from last step: 
X coordinate: -0.208263
Y coordinate: 1.92
X velocity: -0.74
Y velocity: 0.91
Angle of the lander: 0.19
Angular velocity of lander: 0.08118776604533195
Leg 1 contact with ground flag: 0.0
Leg 2 contact with ground flag: 0.0",-3.864693038503833,The reward from the last step was: -3.86,-162.37371450529994,"
_
Observation from last step: 
X coordinate: -0.208263
Y coordinate: 1.92
X velocity: -0.74
Y velocity: 0.91
Angle of the lander: 0.19
Angular velocity of lander: 0.08118776604533195
Leg 1 contact with ground flag: 0.0
Leg 2 contact with ground flag: 0.0
The reward from the last step was: -3.86
score: Score: -162.37371450529994

Action: 
"
44,"[-0.21564093  1.9370526  -0.7398624   0.9136376   0.19522373  0.04080574
  0.          0.        ]","Observation from last step: 
X coordinate: -0.215641
Y coordinate: 1.94
X velocity: -0.74
Y velocity: 0.91
Angle of the lander: 0.20
Angular velocity of lander: 0.1020143460482359
Leg 1 contact with ground flag: 0.0
Leg 2 contact with ground flag: 0.0",-3.1251140539781543,The reward from the last step was: -3.13,-165.4988285592781,"
_
Observation from last step: 
X coordinate: -0.215641
Y coordinate: 1.94
X velocity: -0.74
Y velocity: 0.91
Angle of the lander: 0.20
Angular velocity of lander: 0.1020143460482359
Leg 1 contact with ground flag: 0.0
Leg 2 contact with ground flag: 0.0
The reward from the last step was: -3.13
score: Score: -165.4988285592781

Action: 
"
45,"[-0.22311167  1.9576643  -0.7490698   0.915803    0.19723254  0.04017629
  0.          0.        ]","Observation from last step: 
X coordinate: -0.223112
Y coordinate: 1.96
X velocity: -0.75
Y velocity: 0.92
Angle of the lander: 0.20
Angular velocity of lander: 0.10044073686003685
Leg 1 contact with ground flag: 0.0
Leg 2 contact with ground flag: 0.0",-3.3818720541790865,The reward from the last step was: -3.38,-168.8807006134572,"
_
Observation from last step: 
X coordinate: -0.223112
Y coordinate: 1.96
X velocity: -0.75
Y velocity: 0.92
Angle of the lander: 0.20
Angular velocity of lander: 0.10044073686003685
Leg 1 contact with ground flag: 0.0
Leg 2 contact with ground flag: 0.0
The reward from the last step was: -3.38
score: Score: -168.8807006134572

Action: 
"
46,"[-0.23089333  1.9788896  -0.7794914   0.9431683   0.1985638   0.02662497
  0.          0.        ]","Observation from last step: 
X coordinate: -0.230893
Y coordinate: 1.98
X velocity: -0.78
Y velocity: 0.94
Angle of the lander: 0.20
Angular velocity of lander: 0.06656243000179529
Leg 1 contact with ground flag: 0.0
Leg 2 contact with ground flag: 0.0",-6.676691559119251,The reward from the last step was: -6.68,-175.55739217257647,"
_
Observation from last step: 
X coordinate: -0.230893
Y coordinate: 1.98
X velocity: -0.78
Y velocity: 0.94
Angle of the lander: 0.20
Angular velocity of lander: 0.06656243000179529
Leg 1 contact with ground flag: 0.0
Leg 2 contact with ground flag: 0.0
The reward from the last step was: -6.68
score: Score: -175.55739217257647

Action: 
"
47,"[-0.23883204  2.0004346  -0.795038    0.95739436  0.19974221  0.0235681
  0.          0.        ]","Observation from last step: 
X coordinate: -0.238832
Y coordinate: 2.00
X velocity: -0.80
Y velocity: 0.96
Angle of the lander: 0.20
Angular velocity of lander: 0.05892024841159582
Leg 1 contact with ground flag: 0.0
Leg 2 contact with ground flag: 0.0",-4.737857480171772,The reward from the last step was: -4.74,-180.29524965274825,"
_
Observation from last step: 
X coordinate: -0.238832
Y coordinate: 2.00
X velocity: -0.80
Y velocity: 0.96
Angle of the lander: 0.20
Angular velocity of lander: 0.05892024841159582
Leg 1 contact with ground flag: 0.0
Leg 2 contact with ground flag: 0.0
The reward from the last step was: -4.74
score: Score: -180.29524965274825

Action: 
"
48,"[-0.24689865  2.0227745  -0.8081012   0.99270415  0.20119393  0.02903405
  0.          0.        ]","Observation from last step: 
X coordinate: -0.246899
Y coordinate: 2.02
X velocity: -0.81
Y velocity: 0.99
Angle of the lander: 0.20
Angular velocity of lander: 0.07258513011038303
Leg 1 contact with ground flag: 0.0
Leg 2 contact with ground flag: 0.0",-6.316882745095074,The reward from the last step was: -6.32,-186.61213239784334,"
_
Observation from last step: 
X coordinate: -0.246899
Y coordinate: 2.02
X velocity: -0.81
Y velocity: 0.99
Angle of the lander: 0.20
Angular velocity of lander: 0.07258513011038303
Leg 1 contact with ground flag: 0.0
Leg 2 contact with ground flag: 0.0
The reward from the last step was: -6.32
score: Score: -186.61213239784334

Action: 
"
49,"[-0.25520888  2.0454228  -0.8319236   1.0064611   0.20210049  0.01813099
  0.          0.        ]","Observation from last step: 
X coordinate: -0.255209
Y coordinate: 2.05
X velocity: -0.83
Y velocity: 1.01
Angle of the lander: 0.20
Angular velocity of lander: 0.04532747436314821
Leg 1 contact with ground flag: 0.0
Leg 2 contact with ground flag: 0.0",-5.3147094761251195,The reward from the last step was: -5.31,-191.92684187396847,"
_
Observation from last step: 
X coordinate: -0.255209
Y coordinate: 2.05
X velocity: -0.83
Y velocity: 1.01
Angle of the lander: 0.20
Angular velocity of lander: 0.04532747436314821
Leg 1 contact with ground flag: 0.0
Leg 2 contact with ground flag: 0.0
The reward from the last step was: -5.31
score: Score: -191.92684187396847

Action: 
"
50,"[-0.26384044  2.068616   -0.86331356  1.0307869   0.20225923  0.00317497
  0.          0.        ]","Observation from last step: 
X coordinate: -0.263840
Y coordinate: 2.07
X velocity: -0.86
Y velocity: 1.03
Angle of the lander: 0.20
Angular velocity of lander: 0.007937420159578323
Leg 1 contact with ground flag: 0.0
Leg 2 contact with ground flag: 0.0",-6.60264844425335,The reward from the last step was: -6.60,-198.52949031822183,"
_
Observation from last step: 
X coordinate: -0.263840
Y coordinate: 2.07
X velocity: -0.86
Y velocity: 1.03
Angle of the lander: 0.20
Angular velocity of lander: 0.007937420159578323
Leg 1 contact with ground flag: 0.0
Leg 2 contact with ground flag: 0.0
The reward from the last step was: -6.60
score: Score: -198.52949031822183

Action: 
"
51,"[-0.2726941   2.0916898  -0.8848171   1.025585    0.2017093  -0.01099873
  0.          0.        ]","Observation from last step: 
X coordinate: -0.272694
Y coordinate: 2.09
X velocity: -0.88
Y velocity: 1.03
Angle of the lander: 0.20
Angular velocity of lander: -0.027496828697621822
Leg 1 contact with ground flag: 0.0
Leg 2 contact with ground flag: 0.0",-3.643105066920998,The reward from the last step was: -3.64,-202.17259538514284,"
_
Observation from last step: 
X coordinate: -0.272694
Y coordinate: 2.09
X velocity: -0.88
Y velocity: 1.03
Angle of the lander: 0.20
Angular velocity of lander: -0.027496828697621822
Leg 1 contact with ground flag: 0.0
Leg 2 contact with ground flag: 0.0
The reward from the last step was: -3.64
score: Score: -202.17259538514284

Action: 
"
52,"[-2.8163558e-01  2.1157043e+00 -8.9414895e-01  1.0673190e+00
  2.0171267e-01  6.7445661e-05  0.0000000e+00  0.0000000e+00]","Observation from last step: 
X coordinate: -0.281636
Y coordinate: 2.12
X velocity: -0.89
Y velocity: 1.07
Angle of the lander: 0.20
Angular velocity of lander: 0.00016861415133462287
Leg 1 contact with ground flag: 0.0
Leg 2 contact with ground flag: 0.0",-6.582158309016154,The reward from the last step was: -6.58,-208.754753694159,"
_
Observation from last step: 
X coordinate: -0.281636
Y coordinate: 2.12
X velocity: -0.89
Y velocity: 1.07
Angle of the lander: 0.20
Angular velocity of lander: 0.00016861415133462287
Leg 1 contact with ground flag: 0.0
Leg 2 contact with ground flag: 0.0
The reward from the last step was: -6.58
score: Score: -208.754753694159

Action: 
"
53,"[-0.29075617  2.1397402  -0.9116414   1.068328    0.20128767 -0.00849999
  0.          0.        ]","Observation from last step: 
X coordinate: -0.290756
Y coordinate: 2.14
X velocity: -0.91
Y velocity: 1.07
Angle of the lander: 0.20
Angular velocity of lander: -0.021249977871775627
Leg 1 contact with ground flag: 0.0
Leg 2 contact with ground flag: 0.0",-3.9677089737728464,The reward from the last step was: -3.97,-212.72246266793186,"
_
Observation from last step: 
X coordinate: -0.290756
Y coordinate: 2.14
X velocity: -0.91
Y velocity: 1.07
Angle of the lander: 0.20
Angular velocity of lander: -0.021249977871775627
Leg 1 contact with ground flag: 0.0
Leg 2 contact with ground flag: 0.0
The reward from the last step was: -3.97
score: Score: -212.72246266793186

Action: 
"
54,"[-2.9993320e-01  2.1642942e+00 -9.1770804e-01  1.0912843e+00
  2.0129603e-01  1.6720631e-04  0.0000000e+00  0.0000000e+00]","Observation from last step: 
X coordinate: -0.299933
Y coordinate: 2.16
X velocity: -0.92
Y velocity: 1.09
Angle of the lander: 0.20
Angular velocity of lander: 0.0004180157702649012
Leg 1 contact with ground flag: 0.0
Leg 2 contact with ground flag: 0.0",-5.001958398620434,The reward from the last step was: -5.00,-217.7244210665523,"
_
Observation from last step: 
X coordinate: -0.299933
Y coordinate: 2.16
X velocity: -0.92
Y velocity: 1.09
Angle of the lander: 0.20
Angular velocity of lander: 0.0004180157702649012
Leg 1 contact with ground flag: 0.0
Leg 2 contact with ground flag: 0.0
The reward from the last step was: -5.00
score: Score: -217.7244210665523

Action: 
"
55,"[-0.30904287  2.18906    -0.91178036  1.1005895   0.2021096   0.01627141
  0.          0.        ]","Observation from last step: 
X coordinate: -0.309043
Y coordinate: 2.19
X velocity: -0.91
Y velocity: 1.10
Angle of the lander: 0.20
Angular velocity of lander: 0.04067851696163416
Leg 1 contact with ground flag: 0.0
Leg 2 contact with ground flag: 0.0",-3.2947997821848274,The reward from the last step was: -3.29,-221.01922084873715,"
_
Observation from last step: 
X coordinate: -0.309043
Y coordinate: 2.19
X velocity: -0.91
Y velocity: 1.10
Angle of the lander: 0.20
Angular velocity of lander: 0.04067851696163416
Leg 1 contact with ground flag: 0.0
Leg 2 contact with ground flag: 0.0
The reward from the last step was: -3.29
score: Score: -221.01922084873715

Action: 
"
56,"[-0.31818056  2.2137682  -0.91478413  1.0979911   0.20313184  0.02044495
  0.          0.        ]","Observation from last step: 
X coordinate: -0.318181
Y coordinate: 2.21
X velocity: -0.91
Y velocity: 1.10
Angle of the lander: 0.20
Angular velocity of lander: 0.051112365908920765
Leg 1 contact with ground flag: 0.0
Leg 2 contact with ground flag: 0.0",-2.96928979256528,The reward from the last step was: -2.97,-223.98851064130244,"
_
Observation from last step: 
X coordinate: -0.318181
Y coordinate: 2.21
X velocity: -0.91
Y velocity: 1.10
Angle of the lander: 0.20
Angular velocity of lander: 0.051112365908920765
Leg 1 contact with ground flag: 0.0
Leg 2 contact with ground flag: 0.0
The reward from the last step was: -2.97
score: Score: -223.98851064130244

Action: 
"
57,"[-0.3274234   2.2385955  -0.92526644  1.1032958   0.20412506  0.01986458
  0.          0.        ]","Observation from last step: 
X coordinate: -0.327423
Y coordinate: 2.24
X velocity: -0.93
Y velocity: 1.10
Angle of the lander: 0.20
Angular velocity of lander: 0.04966144450008869
Leg 1 contact with ground flag: 0.0
Leg 2 contact with ground flag: 0.0",-4.06828076592318,The reward from the last step was: -4.07,-228.05679140722563,"
_
Observation from last step: 
X coordinate: -0.327423
Y coordinate: 2.24
X velocity: -0.93
Y velocity: 1.10
Angle of the lander: 0.20
Angular velocity of lander: 0.04966144450008869
Leg 1 contact with ground flag: 0.0
Leg 2 contact with ground flag: 0.0
The reward from the last step was: -4.07
score: Score: -228.05679140722563

Action: 
"
58,"[-0.3367374   2.2641342  -0.9328784   1.1348472   0.20561513  0.02980127
  0.          0.        ]","Observation from last step: 
X coordinate: -0.336737
Y coordinate: 2.26
X velocity: -0.93
Y velocity: 1.13
Angle of the lander: 0.21
Angular velocity of lander: 0.07450317032635212
Leg 1 contact with ground flag: 0.0
Leg 2 contact with ground flag: 0.0",-6.025195316271822,The reward from the last step was: -6.03,-234.08198672349747,"
_
Observation from last step: 
X coordinate: -0.336737
Y coordinate: 2.26
X velocity: -0.93
Y velocity: 1.13
Angle of the lander: 0.21
Angular velocity of lander: 0.07450317032635212
Leg 1 contact with ground flag: 0.0
Leg 2 contact with ground flag: 0.0
The reward from the last step was: -6.03
score: Score: -234.08198672349747

Action: 
"
59,"[-0.34626737  2.2901456  -0.9541744   1.1559086   0.20680237  0.02374467
  0.          0.        ]","Observation from last step: 
X coordinate: -0.346267
Y coordinate: 2.29
X velocity: -0.95
Y velocity: 1.16
Angle of the lander: 0.21
Angular velocity of lander: 0.05936167202889919
Leg 1 contact with ground flag: 0.0
Leg 2 contact with ground flag: 0.0",-6.112093896286114,The reward from the last step was: -6.11,-240.1940806197836,"
_
Observation from last step: 
X coordinate: -0.346267
Y coordinate: 2.29
X velocity: -0.95
Y velocity: 1.16
Angle of the lander: 0.21
Angular velocity of lander: 0.05936167202889919
Leg 1 contact with ground flag: 0.0
Leg 2 contact with ground flag: 0.0
The reward from the last step was: -6.11
score: Score: -240.1940806197836

Action: 
"
60,"[-0.3561499   2.316774   -0.988612    1.1834182   0.20716314  0.00721554
  0.          0.        ]","Observation from last step: 
X coordinate: -0.356150
Y coordinate: 2.32
X velocity: -0.99
Y velocity: 1.18
Angle of the lander: 0.21
Angular velocity of lander: 0.01803885563276708
Leg 1 contact with ground flag: 0.0
Leg 2 contact with ground flag: 0.0",-7.433893104886169,The reward from the last step was: -7.43,-247.62797372466977,"
_
Observation from last step: 
X coordinate: -0.356150
Y coordinate: 2.32
X velocity: -0.99
Y velocity: 1.18
Angle of the lander: 0.21
Angular velocity of lander: 0.01803885563276708
Leg 1 contact with ground flag: 0.0
Leg 2 contact with ground flag: 0.0
The reward from the last step was: -7.43
score: Score: -247.62797372466977

Action: 
"
61,"[-0.3663639   2.344023   -1.0210369   1.211129    0.20679761 -0.00731048
  0.          0.        ]","Observation from last step: 
X coordinate: -0.366364
Y coordinate: 2.34
X velocity: -1.02
Y velocity: 1.21
Angle of the lander: 0.21
Angular velocity of lander: -0.018276190385222435
Leg 1 contact with ground flag: 0.0
Leg 2 contact with ground flag: 0.0",-7.319738487610539,The reward from the last step was: -7.32,-254.94771221228032,"
_
Observation from last step: 
X coordinate: -0.366364
Y coordinate: 2.34
X velocity: -1.02
Y velocity: 1.21
Angle of the lander: 0.21
Angular velocity of lander: -0.018276190385222435
Leg 1 contact with ground flag: 0.0
Leg 2 contact with ground flag: 0.0
The reward from the last step was: -7.32
score: Score: -254.94771221228032

Action: 
"
62,"[-0.37672132  2.3711736  -1.03505     1.2067859   0.20609996 -0.01395305
  0.          0.        ]","Observation from last step: 
X coordinate: -0.376721
Y coordinate: 2.37
X velocity: -1.04
Y velocity: 1.21
Angle of the lander: 0.21
Angular velocity of lander: -0.03488261718302965
Leg 1 contact with ground flag: 0.0
Leg 2 contact with ground flag: 0.0",-3.6503386703591785,The reward from the last step was: -3.65,-258.5980508826395,"
_
Observation from last step: 
X coordinate: -0.376721
Y coordinate: 2.37
X velocity: -1.04
Y velocity: 1.21
Angle of the lander: 0.21
Angular velocity of lander: -0.03488261718302965
Leg 1 contact with ground flag: 0.0
Leg 2 contact with ground flag: 0.0
The reward from the last step was: -3.65
score: Score: -258.5980508826395

Action: 
"
63,"[-0.3873795   2.3989367  -1.064533    1.2340914   0.20480528 -0.02589356
  0.          0.        ]","Observation from last step: 
X coordinate: -0.387379
Y coordinate: 2.40
X velocity: -1.06
Y velocity: 1.23
Angle of the lander: 0.20
Angular velocity of lander: -0.0647338991984725
Leg 1 contact with ground flag: 0.0
Leg 2 contact with ground flag: 0.0",-7.073181631807802,The reward from the last step was: -7.07,-265.6712325144473,"
_
Observation from last step: 
X coordinate: -0.387379
Y coordinate: 2.40
X velocity: -1.06
Y velocity: 1.23
Angle of the lander: 0.20
Angular velocity of lander: -0.0647338991984725
Leg 1 contact with ground flag: 0.0
Leg 2 contact with ground flag: 0.0
The reward from the last step was: -7.07
score: Score: -265.6712325144473

Action: 
"
64,"[-0.39829883  2.4268646  -1.0899488   1.2415179   0.20280729 -0.03995991
  0.          0.        ]","Observation from last step: 
X coordinate: -0.398299
Y coordinate: 2.43
X velocity: -1.09
Y velocity: 1.24
Angle of the lander: 0.20
Angular velocity of lander: -0.09989977814257145
Leg 1 contact with ground flag: 0.0
Leg 2 contact with ground flag: 0.0",-5.260849808599846,The reward from the last step was: -5.26,-270.93208232304715,"
_
Observation from last step: 
X coordinate: -0.398299
Y coordinate: 2.43
X velocity: -1.09
Y velocity: 1.24
Angle of the lander: 0.20
Angular velocity of lander: -0.09989977814257145
Leg 1 contact with ground flag: 0.0
Leg 2 contact with ground flag: 0.0
The reward from the last step was: -5.26
score: Score: -270.93208232304715

Action: 
"
65,"[-0.40929526  2.4557085  -1.0982454   1.2821435   0.20140105 -0.02812499
  0.          0.        ]","Observation from last step: 
X coordinate: -0.409295
Y coordinate: 2.46
X velocity: -1.10
Y velocity: 1.28
Angle of the lander: 0.20
Angular velocity of lander: -0.07031247019767761
Leg 1 contact with ground flag: 0.0
Leg 2 contact with ground flag: 0.0",-6.797420397260271,The reward from the last step was: -6.80,-277.72950272030744,"
_
Observation from last step: 
X coordinate: -0.409295
Y coordinate: 2.46
X velocity: -1.10
Y velocity: 1.28
Angle of the lander: 0.20
Angular velocity of lander: -0.07031247019767761
Leg 1 contact with ground flag: 0.0
Leg 2 contact with ground flag: 0.0
The reward from the last step was: -6.80
score: Score: -277.72950272030744

Action: 
"
66,"[-0.4205618   2.4852393  -1.1248317   1.3127183   0.19956356 -0.03674972
  0.          0.        ]","Observation from last step: 
X coordinate: -0.420562
Y coordinate: 2.49
X velocity: -1.12
Y velocity: 1.31
Angle of the lander: 0.20
Angular velocity of lander: -0.09187429212033749
Leg 1 contact with ground flag: 0.0
Leg 2 contact with ground flag: 0.0",-7.266754068866919,The reward from the last step was: -7.27,-284.99625678917437,"
_
Observation from last step: 
X coordinate: -0.420562
Y coordinate: 2.49
X velocity: -1.12
Y velocity: 1.31
Angle of the lander: 0.20
Angular velocity of lander: -0.09187429212033749
Leg 1 contact with ground flag: 0.0
Leg 2 contact with ground flag: 0.0
The reward from the last step was: -7.27
score: Score: -284.99625678917437

Action: 
"
67,"[-0.4320639   2.5156486  -1.1482253   1.3517967   0.19756144 -0.04004246
  0.          0.        ]","Observation from last step: 
X coordinate: -0.432064
Y coordinate: 2.52
X velocity: -1.15
Y velocity: 1.35
Angle of the lander: 0.20
Angular velocity of lander: -0.10010615922510624
Leg 1 contact with ground flag: 0.0
Leg 2 contact with ground flag: 0.0",-7.782062220317914,The reward from the last step was: -7.78,-292.7783190094923,"
_
Observation from last step: 
X coordinate: -0.432064
Y coordinate: 2.52
X velocity: -1.15
Y velocity: 1.35
Angle of the lander: 0.20
Angular velocity of lander: -0.10010615922510624
Leg 1 contact with ground flag: 0.0
Leg 2 contact with ground flag: 0.0
The reward from the last step was: -7.78
score: Score: -292.7783190094923

Action: 
"
68,"[-0.44373044  2.5462508  -1.1643983   1.3603894   0.19529314 -0.04536602
  0.          0.        ]","Observation from last step: 
X coordinate: -0.443730
Y coordinate: 2.55
X velocity: -1.16
Y velocity: 1.36
Angle of the lander: 0.20
Angular velocity of lander: -0.11341503821313381
Leg 1 contact with ground flag: 0.0
Leg 2 contact with ground flag: 0.0",-4.990660228904107,The reward from the last step was: -4.99,-297.7689792383964,"
_
Observation from last step: 
X coordinate: -0.443730
Y coordinate: 2.55
X velocity: -1.16
Y velocity: 1.36
Angle of the lander: 0.20
Angular velocity of lander: -0.11341503821313381
Leg 1 contact with ground flag: 0.0
Leg 2 contact with ground flag: 0.0
The reward from the last step was: -4.99
score: Score: -297.7689792383964

Action: 
"
69,"[-0.45541042  2.5772915  -1.166301    1.3798153   0.19358502 -0.03416254
  0.          0.        ]","Observation from last step: 
X coordinate: -0.455410
Y coordinate: 2.58
X velocity: -1.17
Y velocity: 1.38
Angle of the lander: 0.19
Angular velocity of lander: -0.08540634997189045
Leg 1 contact with ground flag: 0.0
Leg 2 contact with ground flag: 0.0",-4.99142535111024,The reward from the last step was: -4.99,-302.76040458950666,"
_
Observation from last step: 
X coordinate: -0.455410
Y coordinate: 2.58
X velocity: -1.17
Y velocity: 1.38
Angle of the lander: 0.19
Angular velocity of lander: -0.08540634997189045
Leg 1 contact with ground flag: 0.0
Leg 2 contact with ground flag: 0.0
The reward from the last step was: -4.99
score: Score: -302.76040458950666

Action: 
"
70,"[-0.46730143  2.6086197  -1.1869707   1.3926404   0.19144517 -0.0427971
  0.          0.        ]","Observation from last step: 
X coordinate: -0.467301
Y coordinate: 2.61
X velocity: -1.19
Y velocity: 1.39
Angle of the lander: 0.19
Angular velocity of lander: -0.10699274018406868
Leg 1 contact with ground flag: 0.0
Leg 2 contact with ground flag: 0.0",-5.694023762798099,The reward from the last step was: -5.69,-308.4544283523048,"
_
Observation from last step: 
X coordinate: -0.467301
Y coordinate: 2.61
X velocity: -1.19
Y velocity: 1.39
Angle of the lander: 0.19
Angular velocity of lander: -0.10699274018406868
Leg 1 contact with ground flag: 0.0
Leg 2 contact with ground flag: 0.0
The reward from the last step was: -5.69
score: Score: -308.4544283523048

Action: 
"
71,"[-0.4794168   2.640051   -1.2088075   1.3972899   0.18869834 -0.05493658
  0.          0.        ]","Observation from last step: 
X coordinate: -0.479417
Y coordinate: 2.64
X velocity: -1.21
Y velocity: 1.40
Angle of the lander: 0.19
Angular velocity of lander: -0.1373414508998394
Leg 1 contact with ground flag: 0.0
Leg 2 contact with ground flag: 0.0",-5.108940253387504,The reward from the last step was: -5.11,-313.5633686056923,"
_
Observation from last step: 
X coordinate: -0.479417
Y coordinate: 2.64
X velocity: -1.21
Y velocity: 1.40
Angle of the lander: 0.19
Angular velocity of lander: -0.1373414508998394
Leg 1 contact with ground flag: 0.0
Leg 2 contact with ground flag: 0.0
The reward from the last step was: -5.11
score: Score: -313.5633686056923

Action: 
"
72,"[-0.4915627   2.6719615  -1.2123396   1.4185497   0.1864372  -0.04522269
  0.          0.        ]","Observation from last step: 
X coordinate: -0.491563
Y coordinate: 2.67
X velocity: -1.21
Y velocity: 1.42
Angle of the lander: 0.19
Angular velocity of lander: -0.113056730479002
Leg 1 contact with ground flag: 0.0
Leg 2 contact with ground flag: 0.0",-5.2736333458423585,The reward from the last step was: -5.27,-318.83700195153466,"
_
Observation from last step: 
X coordinate: -0.491563
Y coordinate: 2.67
X velocity: -1.21
Y velocity: 1.42
Angle of the lander: 0.19
Angular velocity of lander: -0.113056730479002
Leg 1 contact with ground flag: 0.0
Leg 2 contact with ground flag: 0.0
The reward from the last step was: -5.27
score: Score: -318.83700195153466

Action: 
"
73,"[-0.5039839   2.7047706  -1.2394754   1.4585121   0.18378037 -0.05313665
  0.          0.        ]","Observation from last step: 
X coordinate: -0.503984
Y coordinate: 2.70
X velocity: -1.24
Y velocity: 1.46
Angle of the lander: 0.18
Angular velocity of lander: -0.13284163549542427
Leg 1 contact with ground flag: 0.0
Leg 2 contact with ground flag: 0.0",-8.288198737992492,The reward from the last step was: -8.29,-327.12520068952716,"
_
Observation from last step: 
X coordinate: -0.503984
Y coordinate: 2.70
X velocity: -1.24
Y velocity: 1.46
Angle of the lander: 0.18
Angular velocity of lander: -0.13284163549542427
Leg 1 contact with ground flag: 0.0
Leg 2 contact with ground flag: 0.0
The reward from the last step was: -8.29
score: Score: -327.12520068952716

Action: 
"
74,"[-0.5166756   2.737815   -1.2657635   1.4690503   0.18036376 -0.06833216
  0.          0.        ]","Observation from last step: 
X coordinate: -0.516676
Y coordinate: 2.74
X velocity: -1.27
Y velocity: 1.47
Angle of the lander: 0.18
Angular velocity of lander: -0.1708303950726986
Leg 1 contact with ground flag: 0.0
Leg 2 contact with ground flag: 0.0",-5.9499391360543425,The reward from the last step was: -5.95,-333.0751398255815,"
_
Observation from last step: 
X coordinate: -0.516676
Y coordinate: 2.74
X velocity: -1.27
Y velocity: 1.47
Angle of the lander: 0.18
Angular velocity of lander: -0.1708303950726986
Leg 1 contact with ground flag: 0.0
Leg 2 contact with ground flag: 0.0
The reward from the last step was: -5.95
score: Score: -333.0751398255815

Action: 
"
75,"[-0.52948064  2.7714226  -1.2772231   1.4940777   0.17707461 -0.06578293
  0.          0.        ]","Observation from last step: 
X coordinate: -0.529481
Y coordinate: 2.77
X velocity: -1.28
Y velocity: 1.49
Angle of the lander: 0.18
Angular velocity of lander: -0.16445733606815338
Leg 1 contact with ground flag: 0.0
Leg 2 contact with ground flag: 0.0",-6.157277285721352,The reward from the last step was: -6.16,-339.2324171113029,"
_
Observation from last step: 
X coordinate: -0.529481
Y coordinate: 2.77
X velocity: -1.28
Y velocity: 1.49
Angle of the lander: 0.18
Angular velocity of lander: -0.16445733606815338
Leg 1 contact with ground flag: 0.0
Leg 2 contact with ground flag: 0.0
The reward from the last step was: -6.16
score: Score: -339.2324171113029

Action: 
"
76,"[-0.5423381   2.8059132  -1.2830284   1.5332261   0.17435154 -0.05446123
  0.          0.        ]","Observation from last step: 
X coordinate: -0.542338
Y coordinate: 2.81
X velocity: -1.28
Y velocity: 1.53
Angle of the lander: 0.17
Angular velocity of lander: -0.13615308329463005
Leg 1 contact with ground flag: 0.0
Leg 2 contact with ground flag: 0.0",-7.021413089112161,The reward from the last step was: -7.02,-346.25383020041505,"
_
Observation from last step: 
X coordinate: -0.542338
Y coordinate: 2.81
X velocity: -1.28
Y velocity: 1.53
Angle of the lander: 0.17
Angular velocity of lander: -0.13615308329463005
Leg 1 contact with ground flag: 0.0
Leg 2 contact with ground flag: 0.0
The reward from the last step was: -7.02
score: Score: -346.25383020041505

Action: 
"
77,"[-0.55525434  2.8411906  -1.2893842   1.5681291   0.1721017  -0.04499657
  0.          0.        ]","Observation from last step: 
X coordinate: -0.555254
Y coordinate: 2.84
X velocity: -1.29
Y velocity: 1.57
Angle of the lander: 0.17
Angular velocity of lander: -0.11249142698943615
Leg 1 contact with ground flag: 0.0
Leg 2 contact with ground flag: 0.0",-6.876564043191865,The reward from the last step was: -6.88,-353.13039424360693,"
_
Observation from last step: 
X coordinate: -0.555254
Y coordinate: 2.84
X velocity: -1.29
Y velocity: 1.57
Angle of the lander: 0.17
Angular velocity of lander: -0.11249142698943615
Leg 1 contact with ground flag: 0.0
Leg 2 contact with ground flag: 0.0
The reward from the last step was: -6.88
score: Score: -353.13039424360693

Action: 
"
78,"[-0.56813115  2.8764873  -1.2859397   1.56895     0.17035908 -0.0348525
  0.          0.        ]","Observation from last step: 
X coordinate: -0.568131
Y coordinate: 2.88
X velocity: -1.29
Y velocity: 1.57
Angle of the lander: 0.17
Angular velocity of lander: -0.08713124319911003
Leg 1 contact with ground flag: 0.0
Leg 2 contact with ground flag: 0.0",-3.6823316292472326,The reward from the last step was: -3.68,-356.8127258728542,"
_
Observation from last step: 
X coordinate: -0.568131
Y coordinate: 2.88
X velocity: -1.29
Y velocity: 1.57
Angle of the lander: 0.17
Angular velocity of lander: -0.08713124319911003
Leg 1 contact with ground flag: 0.0
Leg 2 contact with ground flag: 0.0
The reward from the last step was: -3.68
score: Score: -356.8127258728542

Action: 
"
79,"[-0.5810975   2.9124262  -1.2951396   1.5974681   0.16885702 -0.0300409
  0.          0.        ]","Observation from last step: 
X coordinate: -0.581097
Y coordinate: 2.91
X velocity: -1.30
Y velocity: 1.60
Angle of the lander: 0.17
Angular velocity of lander: -0.07510226219892502
Leg 1 contact with ground flag: 0.0
Leg 2 contact with ground flag: 0.0",-6.71911793809777,The reward from the last step was: -6.72,-363.53184381095195,"
_
Observation from last step: 
X coordinate: -0.581097
Y coordinate: 2.91
X velocity: -1.30
Y velocity: 1.60
Angle of the lander: 0.17
Angular velocity of lander: -0.07510226219892502
Leg 1 contact with ground flag: 0.0
Leg 2 contact with ground flag: 0.0
The reward from the last step was: -6.72
score: Score: -363.53184381095195

Action: 
"
80,"[-0.5943034   2.9491704  -1.3187268   1.6332815   0.16699031 -0.0373343
  0.          0.        ]","Observation from last step: 
X coordinate: -0.594303
Y coordinate: 2.95
X velocity: -1.32
Y velocity: 1.63
Angle of the lander: 0.17
Angular velocity of lander: -0.09333576075732708
Leg 1 contact with ground flag: 0.0
Leg 2 contact with ground flag: 0.0",-8.24345682038022,The reward from the last step was: -8.24,-371.7753006313322,"
_
Observation from last step: 
X coordinate: -0.594303
Y coordinate: 2.95
X velocity: -1.32
Y velocity: 1.63
Angle of the lander: 0.17
Angular velocity of lander: -0.09333576075732708
Leg 1 contact with ground flag: 0.0
Leg 2 contact with ground flag: 0.0
The reward from the last step was: -8.24
score: Score: -371.7753006313322

Action: 
"
81,"[-0.607676    2.9866595  -1.3353206   1.6664029   0.16505238 -0.03875846
  0.          0.        ]","Observation from last step: 
X coordinate: -0.607676
Y coordinate: 2.99
X velocity: -1.34
Y velocity: 1.67
Angle of the lander: 0.17
Angular velocity of lander: -0.09689615108072758
Leg 1 contact with ground flag: 0.0
Leg 2 contact with ground flag: 0.0",-7.666844285429465,The reward from the last step was: -7.67,-379.44214491676166,"
_
Observation from last step: 
X coordinate: -0.607676
Y coordinate: 2.99
X velocity: -1.34
Y velocity: 1.67
Angle of the lander: 0.17
Angular velocity of lander: -0.09689615108072758
Leg 1 contact with ground flag: 0.0
Leg 2 contact with ground flag: 0.0
The reward from the last step was: -7.67
score: Score: -379.44214491676166

Action: 
"
82,"[-0.6210844   3.0248969  -1.3394186   1.6996062   0.16363387 -0.02837039
  0.          0.        ]","Observation from last step: 
X coordinate: -0.621084
Y coordinate: 3.02
X velocity: -1.34
Y velocity: 1.70
Angle of the lander: 0.16
Angular velocity of lander: -0.07092597428709269
Leg 1 contact with ground flag: 0.0
Leg 2 contact with ground flag: 0.0",-7.027391244822456,The reward from the last step was: -7.03,-386.46953616158413,"
_
Observation from last step: 
X coordinate: -0.621084
Y coordinate: 3.02
X velocity: -1.34
Y velocity: 1.70
Angle of the lander: 0.16
Angular velocity of lander: -0.07092597428709269
Leg 1 contact with ground flag: 0.0
Leg 2 contact with ground flag: 0.0
The reward from the last step was: -7.03
score: Score: -386.46953616158413

Action: 
"
83,"[-0.63474774  3.0640428  -1.3645145   1.7400166   0.1618085  -0.03650766
  0.          0.        ]","Observation from last step: 
X coordinate: -0.634748
Y coordinate: 3.06
X velocity: -1.36
Y velocity: 1.74
Angle of the lander: 0.16
Angular velocity of lander: -0.09126914665102959
Leg 1 contact with ground flag: 0.0
Leg 2 contact with ground flag: 0.0",-8.955241405278617,The reward from the last step was: -8.96,-395.42477756686276,"
_
Observation from last step: 
X coordinate: -0.634748
Y coordinate: 3.06
X velocity: -1.36
Y velocity: 1.74
Angle of the lander: 0.16
Angular velocity of lander: -0.09126914665102959
Leg 1 contact with ground flag: 0.0
Leg 2 contact with ground flag: 0.0
The reward from the last step was: -8.96
score: Score: -395.42477756686276

Action: 
"
84,"[-0.6483458   3.1034923  -1.3587286   1.7534322   0.16073    -0.02156981
  0.          0.        ]","Observation from last step: 
X coordinate: -0.648346
Y coordinate: 3.10
X velocity: -1.36
Y velocity: 1.75
Angle of the lander: 0.16
Angular velocity of lander: -0.05392453633248806
Leg 1 contact with ground flag: 0.0
Leg 2 contact with ground flag: 0.0",-5.033719472497796,The reward from the last step was: -5.03,-400.45849703936057,"
_
Observation from last step: 
X coordinate: -0.648346
Y coordinate: 3.10
X velocity: -1.36
Y velocity: 1.75
Angle of the lander: 0.16
Angular velocity of lander: -0.05392453633248806
Leg 1 contact with ground flag: 0.0
Leg 2 contact with ground flag: 0.0
The reward from the last step was: -5.03
score: Score: -400.45849703936057

Action: 
"
85,"[-0.6619197   3.1433396  -1.35691     1.7710445   0.16025415 -0.00951715
  0.          0.        ]","Observation from last step: 
X coordinate: -0.661920
Y coordinate: 3.14
X velocity: -1.36
Y velocity: 1.77
Angle of the lander: 0.16
Angular velocity of lander: -0.023792863357812166
Leg 1 contact with ground flag: 0.0
Leg 2 contact with ground flag: 0.0",-5.715071223553923,The reward from the last step was: -5.72,-406.1735682629145,"
_
Observation from last step: 
X coordinate: -0.661920
Y coordinate: 3.14
X velocity: -1.36
Y velocity: 1.77
Angle of the lander: 0.16
Angular velocity of lander: -0.023792863357812166
Leg 1 contact with ground flag: 0.0
Leg 2 contact with ground flag: 0.0
The reward from the last step was: -5.72
score: Score: -406.1735682629145

Action: 
"
86,"[-0.6757706   3.1838145  -1.3839521   1.7989942   0.15911655 -0.02275163
  0.          0.        ]","Observation from last step: 
X coordinate: -0.675771
Y coordinate: 3.18
X velocity: -1.38
Y velocity: 1.80
Angle of the lander: 0.16
Angular velocity of lander: -0.05687907803803682
Leg 1 contact with ground flag: 0.0
Leg 2 contact with ground flag: 0.0",-8.296429481600331,The reward from the last step was: -8.30,-414.46999774451484,"
_
Observation from last step: 
X coordinate: -0.675771
Y coordinate: 3.18
X velocity: -1.38
Y velocity: 1.80
Angle of the lander: 0.16
Angular velocity of lander: -0.05687907803803682
Leg 1 contact with ground flag: 0.0
Leg 2 contact with ground flag: 0.0
The reward from the last step was: -8.30
score: Score: -414.46999774451484

Action: 
"
87,"[-0.6897421   3.2242339  -1.3957298   1.7965751   0.15769406 -0.02845
  0.          0.        ]","Observation from last step: 
X coordinate: -0.689742
Y coordinate: 3.22
X velocity: -1.40
Y velocity: 1.80
Angle of the lander: 0.16
Angular velocity of lander: -0.07112499326467514
Leg 1 contact with ground flag: 0.0
Leg 2 contact with ground flag: 0.0",-4.931076116264808,The reward from the last step was: -4.93,-419.40107386077966,"
_
Observation from last step: 
X coordinate: -0.689742
Y coordinate: 3.22
X velocity: -1.40
Y velocity: 1.80
Angle of the lander: 0.16
Angular velocity of lander: -0.07112499326467514
Leg 1 contact with ground flag: 0.0
Leg 2 contact with ground flag: 0.0
The reward from the last step was: -4.93
score: Score: -419.40107386077966

Action: 
"
88,"[-0.7036315   3.264939   -1.3883232   1.8091794   0.15707523 -0.01237633
  0.          0.        ]","Observation from last step: 
X coordinate: -0.703632
Y coordinate: 3.26
X velocity: -1.39
Y velocity: 1.81
Angle of the lander: 0.16
Angular velocity of lander: -0.030940831638872623
Leg 1 contact with ground flag: 0.0
Leg 2 contact with ground flag: 0.0",-5.054525180526002,The reward from the last step was: -5.05,-424.4555990413057,"
_
Observation from last step: 
X coordinate: -0.703632
Y coordinate: 3.26
X velocity: -1.39
Y velocity: 1.81
Angle of the lander: 0.16
Angular velocity of lander: -0.030940831638872623
Leg 1 contact with ground flag: 0.0
Leg 2 contact with ground flag: 0.0
The reward from the last step was: -5.05
score: Score: -424.4555990413057

Action: 
"
89,"[-0.71767926  3.3058212  -1.4038031   1.8170803   0.15610771 -0.01935019
  0.          0.        ]","Observation from last step: 
X coordinate: -0.717679
Y coordinate: 3.31
X velocity: -1.40
Y velocity: 1.82
Angle of the lander: 0.16
Angular velocity of lander: -0.04837547894567251
Leg 1 contact with ground flag: 0.0
Leg 2 contact with ground flag: 0.0",-6.0664491572317045,The reward from the last step was: -6.07,-430.5220481985374,"
_
Observation from last step: 
X coordinate: -0.717679
Y coordinate: 3.31
X velocity: -1.40
Y velocity: 1.82
Angle of the lander: 0.16
Angular velocity of lander: -0.04837547894567251
Leg 1 contact with ground flag: 0.0
Leg 2 contact with ground flag: 0.0
The reward from the last step was: -6.07
score: Score: -430.5220481985374

Action: 
"
90,"[-0.7317816   3.3466392  -1.4092742   1.8142272   0.15514721 -0.01920977
  0.          0.        ]","Observation from last step: 
X coordinate: -0.731782
Y coordinate: 3.35
X velocity: -1.41
Y velocity: 1.81
Angle of the lander: 0.16
Angular velocity of lander: -0.04802442155778408
Leg 1 contact with ground flag: 0.0
Leg 2 contact with ground flag: 0.0",-4.601895387637046,The reward from the last step was: -4.60,-435.12394358617445,"
_
Observation from last step: 
X coordinate: -0.731782
Y coordinate: 3.35
X velocity: -1.41
Y velocity: 1.81
Angle of the lander: 0.16
Angular velocity of lander: -0.04802442155778408
Leg 1 contact with ground flag: 0.0
Leg 2 contact with ground flag: 0.0
The reward from the last step was: -4.60
score: Score: -435.12394358617445

Action: 
"
91,"[-0.7460006   3.3875918  -1.4207537   1.8202443   0.15400362 -0.02287143
  0.          0.        ]","Observation from last step: 
X coordinate: -0.746001
Y coordinate: 3.39
X velocity: -1.42
Y velocity: 1.82
Angle of the lander: 0.15
Angular velocity of lander: -0.057178582064807415
Leg 1 contact with ground flag: 0.0
Leg 2 contact with ground flag: 0.0",-5.67054093095162,The reward from the last step was: -5.67,-440.7944845171261,"
_
Observation from last step: 
X coordinate: -0.746001
Y coordinate: 3.39
X velocity: -1.42
Y velocity: 1.82
Angle of the lander: 0.15
Angular velocity of lander: -0.057178582064807415
Leg 1 contact with ground flag: 0.0
Leg 2 contact with ground flag: 0.0
The reward from the last step was: -5.67
score: Score: -440.7944845171261

Action: 
"
92,"[-0.76040494  3.4293935  -1.4391291   1.8579826   0.15269743 -0.02612357
  0.          0.        ]","Observation from last step: 
X coordinate: -0.760405
Y coordinate: 3.43
X velocity: -1.44
Y velocity: 1.86
Angle of the lander: 0.15
Angular velocity of lander: -0.06530893035233021
Leg 1 contact with ground flag: 0.0
Leg 2 contact with ground flag: 0.0",-8.669048770364316,The reward from the last step was: -8.67,-449.4635332874904,"
_
Observation from last step: 
X coordinate: -0.760405
Y coordinate: 3.43
X velocity: -1.44
Y velocity: 1.86
Angle of the lander: 0.15
Angular velocity of lander: -0.06530893035233021
Leg 1 contact with ground flag: 0.0
Leg 2 contact with ground flag: 0.0
The reward from the last step was: -8.67
score: Score: -449.4635332874904

Action: 
"
93,"[-0.7748783   3.471392   -1.4460899   1.8667213   0.15144908 -0.02496676
  0.          0.        ]","Observation from last step: 
X coordinate: -0.774878
Y coordinate: 3.47
X velocity: -1.45
Y velocity: 1.87
Angle of the lander: 0.15
Angular velocity of lander: -0.062416899017989635
Leg 1 contact with ground flag: 0.0
Leg 2 contact with ground flag: 0.0",-5.706191642165822,The reward from the last step was: -5.71,-455.16972492965624,"
_
Observation from last step: 
X coordinate: -0.774878
Y coordinate: 3.47
X velocity: -1.45
Y velocity: 1.87
Angle of the lander: 0.15
Angular velocity of lander: -0.062416899017989635
Leg 1 contact with ground flag: 0.0
Leg 2 contact with ground flag: 0.0
The reward from the last step was: -5.71
score: Score: -455.16972492965624

Action: 
"
94,"[-0.7895324   3.5133252  -1.4635814   1.8638867   0.14962304 -0.03652099
  0.          0.        ]","Observation from last step: 
X coordinate: -0.789532
Y coordinate: 3.51
X velocity: -1.46
Y velocity: 1.86
Angle of the lander: 0.15
Angular velocity of lander: -0.09130246937274933
Leg 1 contact with ground flag: 0.0
Leg 2 contact with ground flag: 0.0",-5.381847567968111,The reward from the last step was: -5.38,-460.55157249762436,"
_
Observation from last step: 
X coordinate: -0.789532
Y coordinate: 3.51
X velocity: -1.46
Y velocity: 1.86
Angle of the lander: 0.15
Angular velocity of lander: -0.09130246937274933
Leg 1 contact with ground flag: 0.0
Leg 2 contact with ground flag: 0.0
The reward from the last step was: -5.38
score: Score: -460.55157249762436

Action: 
"
95,"[-0.8043429   3.5559206  -1.4790833   1.8933288   0.14766142 -0.03923237
  0.          0.        ]","Observation from last step: 
X coordinate: -0.804343
Y coordinate: 3.56
X velocity: -1.48
Y velocity: 1.89
Angle of the lander: 0.15
Angular velocity of lander: -0.09808091446757317
Leg 1 contact with ground flag: 0.0
Leg 2 contact with ground flag: 0.0",-7.858568953292251,The reward from the last step was: -7.86,-468.4101414509166,"
_
Observation from last step: 
X coordinate: -0.804343
Y coordinate: 3.56
X velocity: -1.48
Y velocity: 1.89
Angle of the lander: 0.15
Angular velocity of lander: -0.09808091446757317
Leg 1 contact with ground flag: 0.0
Leg 2 contact with ground flag: 0.0
The reward from the last step was: -7.86
score: Score: -468.4101414509166

Action: 
"
96,"[-0.8191903   3.5989199  -1.4830613   1.9112386   0.14598592 -0.03351047
  0.          0.        ]","Observation from last step: 
X coordinate: -0.819190
Y coordinate: 3.60
X velocity: -1.48
Y velocity: 1.91
Angle of the lander: 0.15
Angular velocity of lander: -0.08377618156373501
Leg 1 contact with ground flag: 0.0
Leg 2 contact with ground flag: 0.0",-6.311870861155216,The reward from the last step was: -6.31,-474.72201231207185,"
_
Observation from last step: 
X coordinate: -0.819190
Y coordinate: 3.60
X velocity: -1.48
Y velocity: 1.91
Angle of the lander: 0.15
Angular velocity of lander: -0.08377618156373501
Leg 1 contact with ground flag: 0.0
Leg 2 contact with ground flag: 0.0
The reward from the last step was: -6.31
score: Score: -474.72201231207185

Action: 
"
97,"[-0.8341035   3.6420214  -1.4896519   1.9157958   0.14432432 -0.03323197
  0.          0.        ]","Observation from last step: 
X coordinate: -0.834104
Y coordinate: 3.64
X velocity: -1.49
Y velocity: 1.92
Angle of the lander: 0.14
Angular velocity of lander: -0.08307993412017822
Leg 1 contact with ground flag: 0.0
Leg 2 contact with ground flag: 0.0",-5.4320123175540855,The reward from the last step was: -5.43,-480.15402462962595,"
_
Observation from last step: 
X coordinate: -0.834104
Y coordinate: 3.64
X velocity: -1.49
Y velocity: 1.92
Angle of the lander: 0.14
Angular velocity of lander: -0.08307993412017822
Leg 1 contact with ground flag: 0.0
Leg 2 contact with ground flag: 0.0
The reward from the last step was: -5.43
score: Score: -480.15402462962595

Action: 
"
98,"[-0.84905803  3.6858778  -1.4941976   1.9492879   0.14307377 -0.0250107
  0.          0.        ]","Observation from last step: 
X coordinate: -0.849058
Y coordinate: 3.69
X velocity: -1.49
Y velocity: 1.95
Angle of the lander: 0.14
Angular velocity of lander: -0.06252676248550415
Leg 1 contact with ground flag: 0.0
Leg 2 contact with ground flag: 0.0",-7.71293359764461,The reward from the last step was: -7.71,-487.8669582272706,"
_
Observation from last step: 
X coordinate: -0.849058
Y coordinate: 3.69
X velocity: -1.49
Y velocity: 1.95
Angle of the lander: 0.14
Angular velocity of lander: -0.06252676248550415
Leg 1 contact with ground flag: 0.0
Leg 2 contact with ground flag: 0.0
The reward from the last step was: -7.71
score: Score: -487.8669582272706

Action: 
"
99,"[-0.8639642   3.7301562  -1.4900365   1.9679934   0.14249371 -0.01160109
  0.          0.        ]","Observation from last step: 
X coordinate: -0.863964
Y coordinate: 3.73
X velocity: -1.49
Y velocity: 1.97
Angle of the lander: 0.14
Angular velocity of lander: -0.029002714436501265
Leg 1 contact with ground flag: 0.0
Leg 2 contact with ground flag: 0.0",-6.127499703742887,The reward from the last step was: -6.13,-493.99445793101347,"
_
Observation from last step: 
X coordinate: -0.863964
Y coordinate: 3.73
X velocity: -1.49
Y velocity: 1.97
Angle of the lander: 0.14
Angular velocity of lander: -0.029002714436501265
Leg 1 contact with ground flag: 0.0
Leg 2 contact with ground flag: 0.0
The reward from the last step was: -6.13
score: Score: -493.99445793101347

Action: 
"
100,"[-0.879017    3.7746575  -1.5043845   1.9779304   0.14160243 -0.01782562
  0.          0.        ]","Observation from last step: 
X coordinate: -0.879017
Y coordinate: 3.77
X velocity: -1.50
Y velocity: 1.98
Angle of the lander: 0.14
Angular velocity of lander: -0.044564041309058666
Leg 1 contact with ground flag: 0.0
Leg 2 contact with ground flag: 0.0",-6.5451163592356805,The reward from the last step was: -6.55,-500.53957429024916,"
_
Observation from last step: 
X coordinate: -0.879017
Y coordinate: 3.77
X velocity: -1.50
Y velocity: 1.98
Angle of the lander: 0.14
Angular velocity of lander: -0.044564041309058666
Leg 1 contact with ground flag: 0.0
Leg 2 contact with ground flag: 0.0
The reward from the last step was: -6.55
score: Score: -500.53957429024916

Action: 
"
101,"[-0.8942745   3.8200111  -1.5245473   2.0158112   0.14040495 -0.02394935
  0.          0.        ]","Observation from last step: 
X coordinate: -0.894274
Y coordinate: 3.82
X velocity: -1.52
Y velocity: 2.02
Angle of the lander: 0.14
Angular velocity of lander: -0.05987337324768305
Leg 1 contact with ground flag: 0.0
Leg 2 contact with ground flag: 0.0",-9.180354096977954,The reward from the last step was: -9.18,-509.7199283872271,"
_
Observation from last step: 
X coordinate: -0.894274
Y coordinate: 3.82
X velocity: -1.52
Y velocity: 2.02
Angle of the lander: 0.14
Angular velocity of lander: -0.05987337324768305
Leg 1 contact with ground flag: 0.0
Leg 2 contact with ground flag: 0.0
The reward from the last step was: -9.18
score: Score: -509.7199283872271

Action: 
"
102,"[-0.90941334  3.8653986  -1.5135047   2.017257    0.14002429 -0.00761311
  0.          0.        ]","Observation from last step: 
X coordinate: -0.909413
Y coordinate: 3.87
X velocity: -1.51
Y velocity: 2.02
Angle of the lander: 0.14
Angular velocity of lander: -0.01903277589008212
Leg 1 contact with ground flag: 0.0
Leg 2 contact with ground flag: 0.0",-4.477586615535347,The reward from the last step was: -4.48,-514.1975150027624,"
_
Observation from last step: 
X coordinate: -0.909413
Y coordinate: 3.87
X velocity: -1.51
Y velocity: 2.02
Angle of the lander: 0.14
Angular velocity of lander: -0.01903277589008212
Leg 1 contact with ground flag: 0.0
Leg 2 contact with ground flag: 0.0
The reward from the last step was: -4.48
score: Score: -514.1975150027624

Action: 
"
103,"[-9.2456555e-01  3.9114349e+00 -1.5153180e+00  2.0460458e+00
  1.4011946e-01  1.9034545e-03  0.0000000e+00  0.0000000e+00]","Observation from last step: 
X coordinate: -0.924566
Y coordinate: 3.91
X velocity: -1.52
Y velocity: 2.05
Angle of the lander: 0.14
Angular velocity of lander: 0.004758636350743473
Leg 1 contact with ground flag: 0.0
Leg 2 contact with ground flag: 0.0",-7.55455816127851,The reward from the last step was: -7.55,-521.7520731640409,"
_
Observation from last step: 
X coordinate: -0.924566
Y coordinate: 3.91
X velocity: -1.52
Y velocity: 2.05
Angle of the lander: 0.14
Angular velocity of lander: 0.004758636350743473
Leg 1 contact with ground flag: 0.0
Leg 2 contact with ground flag: 0.0
The reward from the last step was: -7.55
score: Score: -521.7520731640409

Action: 
"
104,"[-0.9398743   3.9576452  -1.5305802   2.0538158   0.13983095 -0.00577041
  0.          0.        ]","Observation from last step: 
X coordinate: -0.939874
Y coordinate: 3.96
X velocity: -1.53
Y velocity: 2.05
Angle of the lander: 0.14
Angular velocity of lander: -0.01442602719180286
Leg 1 contact with ground flag: 0.0
Leg 2 contact with ground flag: 0.0",-6.654523605120448,The reward from the last step was: -6.65,-528.4065967691613,"
_
Observation from last step: 
X coordinate: -0.939874
Y coordinate: 3.96
X velocity: -1.53
Y velocity: 2.05
Angle of the lander: 0.14
Angular velocity of lander: -0.01442602719180286
Leg 1 contact with ground flag: 0.0
Leg 2 contact with ground flag: 0.0
The reward from the last step was: -6.65
score: Score: -528.4065967691613

Action: 
"
105,"[-0.9552861   4.0042815  -1.5408609   2.072754    0.13951066 -0.00640557
  0.          0.        ]","Observation from last step: 
X coordinate: -0.955286
Y coordinate: 4.00
X velocity: -1.54
Y velocity: 2.07
Angle of the lander: 0.14
Angular velocity of lander: -0.016013936838135123
Leg 1 contact with ground flag: 0.0
Leg 2 contact with ground flag: 0.0",-7.294755332976865,The reward from the last step was: -7.29,-535.7013521021381,"
_
Observation from last step: 
X coordinate: -0.955286
Y coordinate: 4.00
X velocity: -1.54
Y velocity: 2.07
Angle of the lander: 0.14
Angular velocity of lander: -0.016013936838135123
Leg 1 contact with ground flag: 0.0
Leg 2 contact with ground flag: 0.0
The reward from the last step was: -7.29
score: Score: -535.7013521021381

Action: 
"
106,"[-0.9709856   4.051545   -1.5688357   2.1007078   0.13839826 -0.02224789
  0.          0.        ]","Observation from last step: 
X coordinate: -0.970986
Y coordinate: 4.05
X velocity: -1.57
Y velocity: 2.10
Angle of the lander: 0.14
Angular velocity of lander: -0.05561973433941603
Leg 1 contact with ground flag: 0.0
Leg 2 contact with ground flag: 0.0",-9.063648238654356,The reward from the last step was: -9.06,-544.7650003407924,"
_
Observation from last step: 
X coordinate: -0.970986
Y coordinate: 4.05
X velocity: -1.57
Y velocity: 2.10
Angle of the lander: 0.14
Angular velocity of lander: -0.05561973433941603
Leg 1 contact with ground flag: 0.0
Leg 2 contact with ground flag: 0.0
The reward from the last step was: -9.06
score: Score: -544.7650003407924

Action: 
"
107,"[-0.9867948   4.099045   -1.5796554   2.1111999   0.13713862 -0.02519259
  0.          0.        ]","Observation from last step: 
X coordinate: -0.986795
Y coordinate: 4.10
X velocity: -1.58
Y velocity: 2.11
Angle of the lander: 0.14
Angular velocity of lander: -0.06298148073256016
Leg 1 contact with ground flag: 0.0
Leg 2 contact with ground flag: 0.0",-6.650039866085467,The reward from the last step was: -6.65,-551.4150402068778,"
_
Observation from last step: 
X coordinate: -0.986795
Y coordinate: 4.10
X velocity: -1.58
Y velocity: 2.11
Angle of the lander: 0.14
Angular velocity of lander: -0.06298148073256016
Leg 1 contact with ground flag: 0.0
Leg 2 contact with ground flag: 0.0
The reward from the last step was: -6.65
score: Score: -551.4150402068778

Action: 
"
